{"cameraMode":{"drawMode":0,"name":"Shaded","section":"Shading Mode"},"sceneLighting":true,"audioPlay":false,"sceneViewState":{"m_AlwaysRefresh":false,"showFog":true,"showSkybox":true,"showFlares":true,"showImageEffects":true,"showParticleSystems":true,"showVisualEffectGraphs":true,"m_FxEnabled":true},"in2DMode":false,"pivot":{"x":-0.2980000078678131,"y":0.3499999940395355,"z":0.11299999803304672},"rotation":{"x":-0.06186266615986824,"y":0.9367963075637817,"z":-0.2161947637796402,"w":-0.2680611312389374},"size":1.098455786705017,"orthographic":false}